ID,Title,Author_surname,Author_name,Registration_date
1,Solaris,Lem,Stanisław,2002-01-30
2,Solaris,Lem,Stanisław,1986-03-26
3,Solaris,Lem,Stanisław,2017-03-02
4,Solaris,Lem,Stanisław,2006-05-01
5,Solaris,Lem,Stanisław,2018-08-04
6,Solaris,Lem,Stanisław,1995-10-06
7,Solaris,Lem,Stanisław,1972-06-30
8,Solaris,Lem,Stanisław,2006-05-27
9,Solaris,Lem,Stanisław,1973-06-16
10,Solaris,Lem,Stanisław,1988-05-20
11,Solaris,Lem,Stanisław,1996-10-16
12,Solaris,Lem,Stanisław,1986-03-20
13,Solaris,Lem,Stanisław,2004-11-01
14,Solaris,Lem,Stanisław,2002-11-18
15,Solaris,Lem,Stanisław,1979-06-17
16,Solaris,Lem,Stanisław,1980-04-18
17,Solaris,Lem,Stanisław,1987-01-13
18,Solaris,Lem,Stanisław,1986-02-01
19,Solaris,Lem,Stanisław,1981-02-21
20,Cyberiada,Lem,Stanisław,2007-04-29
21,Katar,Lem,Stanisław,2001-12-24
22,Katar,Lem,Stanisław,2005-10-17
23,Katar,Lem,Stanisław,2003-10-08
24,Bajki robotów,Lem,Stanisław,2011-07-19
25,Bajki robotów,Lem,Stanisław,1994-07-07
26,Bajki robotów,Lem,Stanisław,1998-12-12
27,Bajki robotów,Lem,Stanisław,2003-09-05
28,Bajki robotów,Lem,Stanisław,1997-10-19
29,Bajki robotów,Lem,Stanisław,2016-02-23
30,Bajki robotów,Lem,Stanisław,1994-11-04
31,Bajki robotów,Lem,Stanisław,2014-04-02
32,Bajki robotów,Lem,Stanisław,2000-05-08
33,Bajki robotów,Lem,Stanisław,1979-02-21
34,Bajki robotów,Lem,Stanisław,2012-09-01
35,Opowieści o Pilocie Pirxie,Lem,Stanisław,1989-04-24
36,Opowieści o Pilocie Pirxie,Lem,Stanisław,2004-07-27
37,Opowieści o Pilocie Pirxie,Lem,Stanisław,1980-05-19
38,Opowieści o Pilocie Pirxie,Lem,Stanisław,1970-03-29
39,Opowieści o Pilocie Pirxie,Lem,Stanisław,2015-11-11
40,Opowieści o Pilocie Pirxie,Lem,Stanisław,1984-08-28
41,Rękopis znaleziony w wannie,Lem,Stanisław,1982-12-13
42,Rękopis znaleziony w wannie,Lem,Stanisław,1972-04-10
43,Rękopis znaleziony w wannie,Lem,Stanisław,1973-10-22
44,Rękopis znaleziony w wannie,Lem,Stanisław,2018-07-19
45,Rękopis znaleziony w wannie,Lem,Stanisław,1999-02-13
46,Rękopis znaleziony w wannie,Lem,Stanisław,1997-03-14
47,Rękopis znaleziony w wannie,Lem,Stanisław,1998-12-05
48,Dzienniki gwiazdowe,Lem,Stanisław,2013-06-30
49,Dzienniki gwiazdowe,Lem,Stanisław,1980-10-16
50,Dzienniki gwiazdowe,Lem,Stanisław,1979-02-16
51,Dzienniki gwiazdowe,Lem,Stanisław,1977-10-15
52,Dzienniki gwiazdowe,Lem,Stanisław,2012-05-01
53,Dzienniki gwiazdowe,Lem,Stanisław,1980-11-05
54,Dzienniki gwiazdowe,Lem,Stanisław,1995-05-04
55,Dzienniki gwiazdowe,Lem,Stanisław,2009-06-11
56,Dzienniki gwiazdowe,Lem,Stanisław,2001-06-28
57,Dzienniki gwiazdowe,Lem,Stanisław,1994-05-05
58,Dzienniki gwiazdowe,Lem,Stanisław,2015-12-13
59,Dzienniki gwiazdowe,Lem,Stanisław,1990-09-19
60,Dzienniki gwiazdowe,Lem,Stanisław,1984-03-10
61,Dzienniki gwiazdowe,Lem,Stanisław,1980-10-24
62,Dzienniki gwiazdowe,Lem,Stanisław,1984-10-31
63,Dzienniki gwiazdowe,Lem,Stanisław,1976-06-12
64,Dzienniki gwiazdowe,Lem,Stanisław,2010-07-19
65,Dzienniki gwiazdowe,Lem,Stanisław,1986-08-08
66,Dzienniki gwiazdowe,Lem,Stanisław,2000-09-22
67,Dzienniki gwiazdowe,Lem,Stanisław,1990-01-05
68,Dzienniki gwiazdowe,Lem,Stanisław,1990-12-11
69,Dzienniki gwiazdowe,Lem,Stanisław,2013-09-16
70,Dzienniki gwiazdowe,Lem,Stanisław,1986-11-11
71,Dzienniki gwiazdowe,Lem,Stanisław,1976-09-05
72,Dzienniki gwiazdowe,Lem,Stanisław,2018-10-12
73,Dzienniki gwiazdowe,Lem,Stanisław,2007-01-25
74,Eden,Lem,Stanisław,2001-05-19
75,Eden,Lem,Stanisław,1991-12-21
76,Eden,Lem,Stanisław,1985-12-31
77,Śledztwo,Lem,Stanisław,1983-07-13
78,Śledztwo,Lem,Stanisław,2006-11-22
79,Śledztwo,Lem,Stanisław,1983-10-19
80,Śledztwo,Lem,Stanisław,1989-06-19
81,Śledztwo,Lem,Stanisław,2009-07-06
82,Śledztwo,Lem,Stanisław,1971-11-21
83,Śledztwo,Lem,Stanisław,1993-07-04
84,Śledztwo,Lem,Stanisław,1979-07-15
85,Śledztwo,Lem,Stanisław,1991-01-29
86,Śledztwo,Lem,Stanisław,1981-12-11
87,Śledztwo,Lem,Stanisław,1989-05-16
88,Śledztwo,Lem,Stanisław,2007-01-21
89,Śledztwo,Lem,Stanisław,1997-10-22
90,Śledztwo,Lem,Stanisław,2015-12-07
91,Śledztwo,Lem,Stanisław,1975-04-26
92,Śledztwo,Lem,Stanisław,2017-11-20
93,Śledztwo,Lem,Stanisław,1972-10-18
94,Śledztwo,Lem,Stanisław,2012-08-23
95,Śledztwo,Lem,Stanisław,1972-01-27
96,Śledztwo,Lem,Stanisław,1991-07-20
97,Śledztwo,Lem,Stanisław,1996-05-10
98,Śledztwo,Lem,Stanisław,1988-05-19
99,Śledztwo,Lem,Stanisław,2006-10-22
100,Śledztwo,Lem,Stanisław,1970-10-10
101,Śledztwo,Lem,Stanisław,1987-05-16
102,Śledztwo,Lem,Stanisław,1981-09-15
103,Śledztwo,Lem,Stanisław,1977-06-16
104,Śledztwo,Lem,Stanisław,1985-02-03
105,Powrót z gwiazd,Lem,Stanisław,1992-03-08
106,Powrót z gwiazd,Lem,Stanisław,1995-10-23
107,Powrót z gwiazd,Lem,Stanisław,1991-08-05
108,Powrót z gwiazd,Lem,Stanisław,2005-02-26
109,Powrót z gwiazd,Lem,Stanisław,1998-11-25
110,Powrót z gwiazd,Lem,Stanisław,1973-07-18
111,Powrót z gwiazd,Lem,Stanisław,1996-11-16
112,Powrót z gwiazd,Lem,Stanisław,2008-11-11
113,Powrót z gwiazd,Lem,Stanisław,1974-09-04
114,Powrót z gwiazd,Lem,Stanisław,1974-08-08
115,Powrót z gwiazd,Lem,Stanisław,2000-10-08
116,Powrót z gwiazd,Lem,Stanisław,1977-01-21
117,Powrót z gwiazd,Lem,Stanisław,1976-04-01
118,Powrót z gwiazd,Lem,Stanisław,1986-01-27
119,Powrót z gwiazd,Lem,Stanisław,2008-02-20
120,Powrót z gwiazd,Lem,Stanisław,1982-05-24
121,Powrót z gwiazd,Lem,Stanisław,1999-05-19
122,Powrót z gwiazd,Lem,Stanisław,2018-04-22
123,Powrót z gwiazd,Lem,Stanisław,1999-02-03
124,Powrót z gwiazd,Lem,Stanisław,1996-04-02
125,Powrót z gwiazd,Lem,Stanisław,1996-09-20
126,Powrót z gwiazd,Lem,Stanisław,2015-02-17
127,Powrót z gwiazd,Lem,Stanisław,1998-11-22
128,Powrót z gwiazd,Lem,Stanisław,1989-10-28
129,Powrót z gwiazd,Lem,Stanisław,2003-10-02
130,Powrót z gwiazd,Lem,Stanisław,1979-06-02
131,Niezwyciężony,Lem,Stanisław,1972-03-11
132,Niezwyciężony,Lem,Stanisław,1974-01-04
133,Niezwyciężony,Lem,Stanisław,2017-06-10
134,Niezwyciężony,Lem,Stanisław,1998-02-14
135,Niezwyciężony,Lem,Stanisław,2015-07-03
136,Niezwyciężony,Lem,Stanisław,1979-04-03
137,Niezwyciężony,Lem,Stanisław,1980-02-05
138,Niezwyciężony,Lem,Stanisław,1995-08-26
139,Niezwyciężony,Lem,Stanisław,1982-04-04
140,Niezwyciężony,Lem,Stanisław,2007-08-28
141,Niezwyciężony,Lem,Stanisław,2017-11-06
142,Niezwyciężony,Lem,Stanisław,1991-11-26
143,Niezwyciężony,Lem,Stanisław,1991-11-23
144,Niezwyciężony,Lem,Stanisław,1991-06-18
145,Niezwyciężony,Lem,Stanisław,1983-08-10
146,Niezwyciężony,Lem,Stanisław,1995-12-11
147,Niezwyciężony,Lem,Stanisław,2000-02-29
148,Niezwyciężony,Lem,Stanisław,2001-05-28
149,Niezwyciężony,Lem,Stanisław,2002-01-03
150,Niezwyciężony,Lem,Stanisław,1999-04-23
151,Wysoki zamek,Lem,Stanisław,2014-02-14
152,Wysoki zamek,Lem,Stanisław,1983-07-28
153,Wysoki zamek,Lem,Stanisław,2006-07-19
154,Wysoki zamek,Lem,Stanisław,2018-04-30
155,Wysoki zamek,Lem,Stanisław,1976-06-08
156,Wysoki zamek,Lem,Stanisław,2008-10-25
157,Wysoki zamek,Lem,Stanisław,2011-05-09
158,Wysoki zamek,Lem,Stanisław,1973-06-24
159,Wysoki zamek,Lem,Stanisław,2014-10-08
160,Wysoki zamek,Lem,Stanisław,1979-11-16
161,Wysoki zamek,Lem,Stanisław,1970-03-09
162,Wysoki zamek,Lem,Stanisław,1980-08-03
163,Wysoki zamek,Lem,Stanisław,2017-09-08
164,Wysoki zamek,Lem,Stanisław,1991-11-11
165,Wysoki zamek,Lem,Stanisław,2004-06-13
166,Wysoki zamek,Lem,Stanisław,1973-12-04
167,Głos Pana,Lem,Stanisław,1970-05-10
168,Głos Pana,Lem,Stanisław,1985-04-01
169,Głos Pana,Lem,Stanisław,2017-04-02
170,Głos Pana,Lem,Stanisław,1970-09-11
171,Głos Pana,Lem,Stanisław,2012-12-25
172,Głos Pana,Lem,Stanisław,1999-10-21
173,Głos Pana,Lem,Stanisław,1994-03-24
174,Głos Pana,Lem,Stanisław,1978-08-24
175,Głos Pana,Lem,Stanisław,2014-07-17
176,Głos Pana,Lem,Stanisław,1975-11-17
177,Głos Pana,Lem,Stanisław,1977-11-23
178,Głos Pana,Lem,Stanisław,1985-11-22
179,Głos Pana,Lem,Stanisław,2015-11-21
180,Głos Pana,Lem,Stanisław,1988-04-21
181,Głos Pana,Lem,Stanisław,2016-01-26
182,Głos Pana,Lem,Stanisław,2018-02-03
183,Głos Pana,Lem,Stanisław,1971-06-24
184,Głos Pana,Lem,Stanisław,1980-05-22
185,Głos Pana,Lem,Stanisław,1985-03-25
186,Głos Pana,Lem,Stanisław,2015-09-11
187,Głos Pana,Lem,Stanisław,1980-09-02
188,Głos Pana,Lem,Stanisław,1973-06-22
189,Głos Pana,Lem,Stanisław,1992-12-25
190,Głos Pana,Lem,Stanisław,2008-05-25
191,Pożytek ze smoka,Lem,Stanisław,1975-05-07
192,Pożytek ze smoka,Lem,Stanisław,2018-02-08
193,Pożytek ze smoka,Lem,Stanisław,2006-10-21
194,Pożytek ze smoka,Lem,Stanisław,2000-11-03
195,Pożytek ze smoka,Lem,Stanisław,2013-09-11
196,Pożytek ze smoka,Lem,Stanisław,1978-02-09
197,Pożytek ze smoka,Lem,Stanisław,1979-05-19
198,Pożytek ze smoka,Lem,Stanisław,2004-05-10
199,Pożytek ze smoka,Lem,Stanisław,2004-03-05
200,Pożytek ze smoka,Lem,Stanisław,1980-02-18
201,Pożytek ze smoka,Lem,Stanisław,1979-08-14
202,Pożytek ze smoka,Lem,Stanisław,2018-11-22
203,Pożytek ze smoka,Lem,Stanisław,2017-12-24
204,Pożytek ze smoka,Lem,Stanisław,1996-06-07
205,Pożytek ze smoka,Lem,Stanisław,1995-07-12
206,Pożytek ze smoka,Lem,Stanisław,1977-08-01
207,Pożytek ze smoka,Lem,Stanisław,1997-05-08
208,Pożytek ze smoka,Lem,Stanisław,1980-06-23
209,Pożytek ze smoka,Lem,Stanisław,2017-09-14
210,Pożytek ze smoka,Lem,Stanisław,2001-02-27
211,Pożytek ze smoka,Lem,Stanisław,1995-05-18
212,Pożytek ze smoka,Lem,Stanisław,1975-06-03
213,Pożytek ze smoka,Lem,Stanisław,1988-03-25
214,Sknocony kryminał,Lem,Stanisław,2015-11-19
215,Sknocony kryminał,Lem,Stanisław,1979-08-16
216,Sknocony kryminał,Lem,Stanisław,1974-02-17
217,Sknocony kryminał,Lem,Stanisław,2008-09-17
218,Sknocony kryminał,Lem,Stanisław,1994-09-30
219,Sknocony kryminał,Lem,Stanisław,2016-10-16
220,Sknocony kryminał,Lem,Stanisław,1980-03-21
221,Sknocony kryminał,Lem,Stanisław,1978-04-16
222,Sknocony kryminał,Lem,Stanisław,2017-08-24
223,Sknocony kryminał,Lem,Stanisław,1974-12-28
224,Sknocony kryminał,Lem,Stanisław,1993-01-24
225,Sknocony kryminał,Lem,Stanisław,2006-09-17
226,Sknocony kryminał,Lem,Stanisław,1976-08-06
227,Sknocony kryminał,Lem,Stanisław,2010-03-11
228,Sknocony kryminał,Lem,Stanisław,2014-06-24
229,Sknocony kryminał,Lem,Stanisław,1976-09-29
230,Sknocony kryminał,Lem,Stanisław,1996-08-18
231,Sknocony kryminał,Lem,Stanisław,2014-11-25
232,Sknocony kryminał,Lem,Stanisław,2012-01-24
233,Sknocony kryminał,Lem,Stanisław,2003-07-13
234,Sknocony kryminał,Lem,Stanisław,1980-02-18
235,Sknocony kryminał,Lem,Stanisław,1982-02-14
236,Mars,Kosik,Rafał,2004-05-23
237,Mars,Kosik,Rafał,2014-05-01
238,Mars,Kosik,Rafał,1984-09-09
239,Mars,Kosik,Rafał,2001-07-09
240,Mars,Kosik,Rafał,1975-05-18
241,Mars,Kosik,Rafał,1974-01-19
242,Mars,Kosik,Rafał,2000-06-21
243,Mars,Kosik,Rafał,1992-01-30
244,Mars,Kosik,Rafał,2010-04-05
245,Mars,Kosik,Rafał,2002-09-28
246,Mars,Kosik,Rafał,2018-06-07
247,Mars,Kosik,Rafał,1982-09-10
248,Mars,Kosik,Rafał,1991-04-11
249,Mars,Kosik,Rafał,2003-03-11
250,Mars,Kosik,Rafał,2009-06-10
251,Mars,Kosik,Rafał,1996-09-30
252,Kameleon,Kosik,Rafał,1991-11-15
253,Kameleon,Kosik,Rafał,1992-02-22
254,Kameleon,Kosik,Rafał,2011-03-07
255,Kameleon,Kosik,Rafał,1978-06-27
256,Kameleon,Kosik,Rafał,2018-06-23
257,Vertical,Kosik,Rafał,2001-06-27
258,Vertical,Kosik,Rafał,1993-04-15
259,Vertical,Kosik,Rafał,2012-12-30
260,Vertical,Kosik,Rafał,2016-09-05
261,Vertical,Kosik,Rafał,1975-02-12
262,Vertical,Kosik,Rafał,2002-06-07
263,Vertical,Kosik,Rafał,1978-01-18
264,Vertical,Kosik,Rafał,1989-07-19
265,Vertical,Kosik,Rafał,1980-06-18
266,Vertical,Kosik,Rafał,2017-10-09
267,Vertical,Kosik,Rafał,2012-09-13
268,Vertical,Kosik,Rafał,1979-12-28
269,Vertical,Kosik,Rafał,1970-09-20
270,Vertical,Kosik,Rafał,1992-01-26
271,Vertical,Kosik,Rafał,1983-08-20
272,Vertical,Kosik,Rafał,1994-07-24
273,Vertical,Kosik,Rafał,1972-11-21
274,Vertical,Kosik,Rafał,1992-02-10
275,Vertical,Kosik,Rafał,2004-09-06
276,Vertical,Kosik,Rafał,1995-07-02
277,Różaniec,Kosik,Rafał,2017-02-22
278,Różaniec,Kosik,Rafał,1996-02-16
279,Różaniec,Kosik,Rafał,1997-10-25
280,Różaniec,Kosik,Rafał,2013-09-20
281,Różaniec,Kosik,Rafał,2001-11-17
282,Różaniec,Kosik,Rafał,2001-07-08
283,Różaniec,Kosik,Rafał,2017-05-19
284,Różaniec,Kosik,Rafał,1977-10-02
285,Obywatel który się zawiesił,Kosik,Rafał,2003-09-10
286,Obywatel który się zawiesił,Kosik,Rafał,2016-06-03
287,Obywatel który się zawiesił,Kosik,Rafał,2004-12-19
288,Obywatel który się zawiesił,Kosik,Rafał,2000-08-11
289,Obywatel który się zawiesił,Kosik,Rafał,1991-05-22
290,Obywatel który się zawiesił,Kosik,Rafał,1978-04-11
291,Obywatel który się zawiesił,Kosik,Rafał,1988-01-25
292,Obywatel który się zawiesił,Kosik,Rafał,2004-01-20
293,Obywatel który się zawiesił,Kosik,Rafał,2000-02-14
294,Obywatel który się zawiesił,Kosik,Rafał,2009-02-21
295,Obywatel który się zawiesił,Kosik,Rafał,1988-04-03
296,Obywatel który się zawiesił,Kosik,Rafał,1995-08-15
297,Obywatel który się zawiesił,Kosik,Rafał,2013-02-28
298,Obywatel który się zawiesił,Kosik,Rafał,1975-03-23
299,Obywatel który się zawiesił,Kosik,Rafał,1982-04-04
300,Obywatel który się zawiesił,Kosik,Rafał,2000-11-24
301,Obywatel który się zawiesił,Kosik,Rafał,1974-06-28
302,Obywatel który się zawiesił,Kosik,Rafał,2018-08-01
303,Pamiętniki z okresu dojrzewania,Gombrowicz,Witold,1999-11-03
304,Pamiętniki z okresu dojrzewania,Gombrowicz,Witold,1975-04-09
305,Pamiętniki z okresu dojrzewania,Gombrowicz,Witold,1996-09-14
306,Pamiętniki z okresu dojrzewania,Gombrowicz,Witold,1977-09-23
307,Pamiętniki z okresu dojrzewania,Gombrowicz,Witold,2012-09-26
308,Pamiętniki z okresu dojrzewania,Gombrowicz,Witold,2018-07-02
309,Pamiętniki z okresu dojrzewania,Gombrowicz,Witold,1988-03-01
310,Pamiętniki z okresu dojrzewania,Gombrowicz,Witold,1987-01-16
311,Pamiętniki z okresu dojrzewania,Gombrowicz,Witold,2002-11-29
312,Pamiętniki z okresu dojrzewania,Gombrowicz,Witold,1979-06-05
313,Pamiętniki z okresu dojrzewania,Gombrowicz,Witold,2011-10-17
314,Ferdydurke,Gombrowicz,Witold,1980-08-19
315,Ferdydurke,Gombrowicz,Witold,1980-08-30
316,Ferdydurke,Gombrowicz,Witold,1995-06-29
317,Ferdydurke,Gombrowicz,Witold,1999-05-31
318,Ferdydurke,Gombrowicz,Witold,1991-02-14
319,Ferdydurke,Gombrowicz,Witold,1993-10-08
320,Ferdydurke,Gombrowicz,Witold,2001-06-01
321,Ferdydurke,Gombrowicz,Witold,1988-07-10
322,Ferdydurke,Gombrowicz,Witold,1982-04-20
323,Ferdydurke,Gombrowicz,Witold,1979-01-10
324,Ferdydurke,Gombrowicz,Witold,1972-04-07
325,Ferdydurke,Gombrowicz,Witold,2013-03-11
326,Ferdydurke,Gombrowicz,Witold,1985-08-05
327,Ferdydurke,Gombrowicz,Witold,1987-12-08
328,Ferdydurke,Gombrowicz,Witold,1997-06-25
329,Ferdydurke,Gombrowicz,Witold,2000-06-15
330,Ferdydurke,Gombrowicz,Witold,1980-09-28
331,Ferdydurke,Gombrowicz,Witold,1997-09-06
332,Ferdydurke,Gombrowicz,Witold,1977-11-09
333,Ferdydurke,Gombrowicz,Witold,1974-04-06
334,Ferdydurke,Gombrowicz,Witold,2013-05-09
335,Ferdydurke,Gombrowicz,Witold,2003-08-01
336,Ferdydurke,Gombrowicz,Witold,1994-10-27
337,Ferdydurke,Gombrowicz,Witold,1976-10-18
338,Ferdydurke,Gombrowicz,Witold,2018-04-23
339,Ferdydurke,Gombrowicz,Witold,1994-08-27
340,Ferdydurke,Gombrowicz,Witold,2017-05-01
341,Ferdydurke,Gombrowicz,Witold,1990-11-24
342,Ferdydurke,Gombrowicz,Witold,1990-12-30
343,Trans-Atlantyk,Gombrowicz,Witold,1977-07-12
344,Trans-Atlantyk,Gombrowicz,Witold,1989-10-17
345,Trans-Atlantyk,Gombrowicz,Witold,2005-07-26
346,Trans-Atlantyk,Gombrowicz,Witold,1983-01-13
347,Trans-Atlantyk,Gombrowicz,Witold,2013-07-31
348,Trans-Atlantyk,Gombrowicz,Witold,2003-09-24
349,Trans-Atlantyk,Gombrowicz,Witold,1993-06-29
350,Trans-Atlantyk,Gombrowicz,Witold,2003-10-09
351,Trans-Atlantyk,Gombrowicz,Witold,2004-07-11
352,Trans-Atlantyk,Gombrowicz,Witold,2008-11-26
353,Trans-Atlantyk,Gombrowicz,Witold,2000-05-13
354,Trans-Atlantyk,Gombrowicz,Witold,2006-04-12
355,Trans-Atlantyk,Gombrowicz,Witold,1985-05-31
356,Trans-Atlantyk,Gombrowicz,Witold,1998-06-26
357,Trans-Atlantyk,Gombrowicz,Witold,1979-05-29
358,Trans-Atlantyk,Gombrowicz,Witold,1988-09-30
359,Trans-Atlantyk,Gombrowicz,Witold,1992-05-31
360,Trans-Atlantyk,Gombrowicz,Witold,1977-06-07
361,Trans-Atlantyk,Gombrowicz,Witold,1982-08-12
362,Trans-Atlantyk,Gombrowicz,Witold,1990-10-21
363,Trans-Atlantyk,Gombrowicz,Witold,2012-11-05
364,Iwona księżniczka Burgunda,Gombrowicz,Witold,1988-02-13
365,Iwona księżniczka Burgunda,Gombrowicz,Witold,2003-07-24
366,Iwona księżniczka Burgunda,Gombrowicz,Witold,2002-05-25
367,Iwona księżniczka Burgunda,Gombrowicz,Witold,1996-09-25
368,Iwona księżniczka Burgunda,Gombrowicz,Witold,1971-10-11
369,Iwona księżniczka Burgunda,Gombrowicz,Witold,1980-08-23
370,Iwona księżniczka Burgunda,Gombrowicz,Witold,1991-07-27
371,Iwona księżniczka Burgunda,Gombrowicz,Witold,2010-02-27
372,Iwona księżniczka Burgunda,Gombrowicz,Witold,2015-09-25
373,Iwona księżniczka Burgunda,Gombrowicz,Witold,1992-02-05
374,Iwona księżniczka Burgunda,Gombrowicz,Witold,1997-11-29
375,Iwona księżniczka Burgunda,Gombrowicz,Witold,1975-04-13
376,Iwona księżniczka Burgunda,Gombrowicz,Witold,1996-10-27
377,Iwona księżniczka Burgunda,Gombrowicz,Witold,1982-01-25
378,Ślub,Gombrowicz,Witold,1982-09-19
379,Ślub,Gombrowicz,Witold,2002-04-29
380,Ślub,Gombrowicz,Witold,1987-12-03
381,Ślub,Gombrowicz,Witold,1979-11-15
382,Operetka,Gombrowicz,Witold,1974-08-12
383,Operetka,Gombrowicz,Witold,2014-01-22
384,Operetka,Gombrowicz,Witold,1988-09-13
385,Operetka,Gombrowicz,Witold,1986-12-20
386,Operetka,Gombrowicz,Witold,2003-03-04
387,Operetka,Gombrowicz,Witold,1986-12-22
388,Operetka,Gombrowicz,Witold,1982-05-21
389,Operetka,Gombrowicz,Witold,1973-11-30
390,Operetka,Gombrowicz,Witold,1977-04-04
391,Operetka,Gombrowicz,Witold,1984-02-04
392,Operetka,Gombrowicz,Witold,2012-06-29
393,Operetka,Gombrowicz,Witold,1976-07-10
394,Operetka,Gombrowicz,Witold,1993-12-09
395,Operetka,Gombrowicz,Witold,1974-05-26
396,Operetka,Gombrowicz,Witold,1994-06-14
397,Operetka,Gombrowicz,Witold,2014-08-14
398,Operetka,Gombrowicz,Witold,1981-07-07
399,Operetka,Gombrowicz,Witold,1999-04-29
400,Operetka,Gombrowicz,Witold,1990-01-31
401,Operetka,Gombrowicz,Witold,1983-04-01
402,Bakakaj,Gombrowicz,Witold,1972-05-05
403,Bakakaj,Gombrowicz,Witold,1978-07-12
404,Bakakaj,Gombrowicz,Witold,2002-12-04
405,Bakakaj,Gombrowicz,Witold,1970-10-27
406,Bakakaj,Gombrowicz,Witold,2008-10-03
407,Bakakaj,Gombrowicz,Witold,2013-01-24
408,Bakakaj,Gombrowicz,Witold,2015-04-15
409,Bakakaj,Gombrowicz,Witold,1987-02-02
410,Bakakaj,Gombrowicz,Witold,1994-10-29
411,Bakakaj,Gombrowicz,Witold,2001-01-18
412,Bakakaj,Gombrowicz,Witold,1990-01-05
413,Bakakaj,Gombrowicz,Witold,1972-10-03
414,Bakakaj,Gombrowicz,Witold,1995-01-30
415,Tango,Mrożek,Sławomir,1992-12-01
416,Tango,Mrożek,Sławomir,1983-12-12
417,Tango,Mrożek,Sławomir,2006-01-12
418,Tango,Mrożek,Sławomir,1985-11-23
419,Tango,Mrożek,Sławomir,1976-12-14
420,Tango,Mrożek,Sławomir,2013-05-11
421,Tango,Mrożek,Sławomir,1989-07-29
422,Tango,Mrożek,Sławomir,1987-01-08
423,Tango,Mrożek,Sławomir,1982-10-01
424,Tango,Mrożek,Sławomir,2005-03-03
425,Tango,Mrożek,Sławomir,2009-12-31
426,Tango,Mrożek,Sławomir,1981-06-10
427,Tango,Mrożek,Sławomir,1972-09-22
428,Tango,Mrożek,Sławomir,1971-08-10
429,Tango,Mrożek,Sławomir,1979-05-18
430,Tango,Mrożek,Sławomir,1976-03-06
431,Tango,Mrożek,Sławomir,1989-07-15
432,Tango,Mrożek,Sławomir,1996-03-13
433,Tango,Mrożek,Sławomir,1985-02-26
434,Tango,Mrożek,Sławomir,2017-03-29
435,Tango,Mrożek,Sławomir,1976-08-19
436,Tango,Mrożek,Sławomir,1970-01-28
437,Emigranci,Mrożek,Sławomir,2006-01-13
438,Emigranci,Mrożek,Sławomir,1970-12-20
439,Emigranci,Mrożek,Sławomir,1992-05-22
440,Emigranci,Mrożek,Sławomir,1975-11-02
441,Emigranci,Mrożek,Sławomir,1991-03-06
442,Emigranci,Mrożek,Sławomir,1987-07-06
443,Emigranci,Mrożek,Sławomir,1975-06-10
444,Emigranci,Mrożek,Sławomir,1995-10-10
445,Emigranci,Mrożek,Sławomir,1981-10-16
446,Emigranci,Mrożek,Sławomir,1971-03-29
447,Emigranci,Mrożek,Sławomir,1987-08-04
448,Emigranci,Mrożek,Sławomir,2015-11-06
449,Kynolog w rozterce,Mrożek,Sławomir,1973-03-29
450,Kynolog w rozterce,Mrożek,Sławomir,2009-09-27
451,Kynolog w rozterce,Mrożek,Sławomir,1971-08-15
452,Kynolog w rozterce,Mrożek,Sławomir,1986-09-02
453,Kynolog w rozterce,Mrożek,Sławomir,1974-02-19
454,Miłość na Krymie,Mrożek,Sławomir,1979-04-23
455,Miłość na Krymie,Mrożek,Sławomir,2012-09-24
456,Miłość na Krymie,Mrożek,Sławomir,1972-07-27
457,Miłość na Krymie,Mrożek,Sławomir,2016-09-15
458,Miłość na Krymie,Mrożek,Sławomir,1983-07-07
459,Miłość na Krymie,Mrożek,Sławomir,2001-06-19
460,Miłość na Krymie,Mrożek,Sławomir,1979-09-07
461,Miłość na Krymie,Mrożek,Sławomir,1976-04-14
462,Miłość na Krymie,Mrożek,Sławomir,1988-12-19
463,Miłość na Krymie,Mrożek,Sławomir,1981-12-09
464,Miłość na Krymie,Mrożek,Sławomir,2006-02-08
465,Miłość na Krymie,Mrożek,Sławomir,1983-04-25
466,Wesele w Atomicach,Mrożek,Sławomir,1987-03-16
467,Wesele w Atomicach,Mrożek,Sławomir,1983-04-10
468,Wesele w Atomicach,Mrożek,Sławomir,1991-07-16
469,Wesele w Atomicach,Mrożek,Sławomir,1982-03-14
470,Wesele w Atomicach,Mrożek,Sławomir,1977-11-08
471,Wesele w Atomicach,Mrożek,Sławomir,1999-09-05
472,Wesele w Atomicach,Mrożek,Sławomir,1980-04-16
473,Wesele w Atomicach,Mrożek,Sławomir,1988-03-21
474,Wesele w Atomicach,Mrożek,Sławomir,1972-06-21
475,Wesele w Atomicach,Mrożek,Sławomir,2012-12-10
476,Lód,Dukaj,Jacek,1988-12-18
477,Lód,Dukaj,Jacek,1994-10-23
478,Lód,Dukaj,Jacek,1996-02-20
479,Lód,Dukaj,Jacek,1986-12-22
480,Lód,Dukaj,Jacek,1987-07-20
481,Lód,Dukaj,Jacek,1978-01-13
482,Lód,Dukaj,Jacek,1979-12-01
483,Lód,Dukaj,Jacek,2006-06-25
484,Lód,Dukaj,Jacek,1976-08-09
485,Lód,Dukaj,Jacek,2017-10-05
486,Lód,Dukaj,Jacek,2003-11-07
487,Lód,Dukaj,Jacek,1977-10-09
488,Lód,Dukaj,Jacek,2009-07-16
489,Lód,Dukaj,Jacek,1978-10-11
490,Lód,Dukaj,Jacek,1988-05-28
491,Lód,Dukaj,Jacek,1990-12-21
492,Lód,Dukaj,Jacek,1999-04-20
493,Lód,Dukaj,Jacek,2014-02-08
494,Wrociec,Dukaj,Jacek,1994-11-10
495,Wrociec,Dukaj,Jacek,2014-01-31
496,Wrociec,Dukaj,Jacek,2007-12-31
497,Wrociec,Dukaj,Jacek,2017-12-30
498,Wrociec,Dukaj,Jacek,2007-01-12
499,Wrociec,Dukaj,Jacek,2003-04-28
500,Wrociec,Dukaj,Jacek,2003-12-27
501,Wrociec,Dukaj,Jacek,2012-04-16
502,Perfekcyjna niedoskonałość,Dukaj,Jacek,1995-12-09
503,Perfekcyjna niedoskonałość,Dukaj,Jacek,1975-12-10
504,Perfekcyjna niedoskonałość,Dukaj,Jacek,2002-08-25
505,Perfekcyjna niedoskonałość,Dukaj,Jacek,1993-09-08
506,Perfekcyjna niedoskonałość,Dukaj,Jacek,1978-05-01
507,Perfekcyjna niedoskonałość,Dukaj,Jacek,1995-11-01
508,Perfekcyjna niedoskonałość,Dukaj,Jacek,1986-01-04
509,Perfekcyjna niedoskonałość,Dukaj,Jacek,1988-03-23
510,Perfekcyjna niedoskonałość,Dukaj,Jacek,1981-10-13
511,Perfekcyjna niedoskonałość,Dukaj,Jacek,1993-04-01
512,Perfekcyjna niedoskonałość,Dukaj,Jacek,1978-09-06
513,Perfekcyjna niedoskonałość,Dukaj,Jacek,1974-08-22
514,Perfekcyjna niedoskonałość,Dukaj,Jacek,2004-07-02
515,Perfekcyjna niedoskonałość,Dukaj,Jacek,1974-05-12
516,Perfekcyjna niedoskonałość,Dukaj,Jacek,2006-06-16
517,Perfekcyjna niedoskonałość,Dukaj,Jacek,2007-08-08
518,Perfekcyjna niedoskonałość,Dukaj,Jacek,1993-07-18
519,Perfekcyjna niedoskonałość,Dukaj,Jacek,1984-12-03
520,Perfekcyjna niedoskonałość,Dukaj,Jacek,2001-01-07
521,Perfekcyjna niedoskonałość,Dukaj,Jacek,2006-05-22
522,Perfekcyjna niedoskonałość,Dukaj,Jacek,1984-07-25
523,Perfekcyjna niedoskonałość,Dukaj,Jacek,2015-06-12
524,Perfekcyjna niedoskonałość,Dukaj,Jacek,1992-09-15
525,Perfekcyjna niedoskonałość,Dukaj,Jacek,1994-01-03
526,Perfekcyjna niedoskonałość,Dukaj,Jacek,1985-06-09
527,Perfekcyjna niedoskonałość,Dukaj,Jacek,2010-12-07
528,Katedra,Dukaj,Jacek,1996-12-27
529,Katedra,Dukaj,Jacek,1981-02-04
530,Katedra,Dukaj,Jacek,1988-10-07
531,Katedra,Dukaj,Jacek,1971-05-17
532,Katedra,Dukaj,Jacek,2006-02-01
533,Katedra,Dukaj,Jacek,2000-12-09
534,Katedra,Dukaj,Jacek,1979-01-01
535,Katedra,Dukaj,Jacek,1986-01-14
536,Katedra,Dukaj,Jacek,1988-07-16
537,Katedra,Dukaj,Jacek,1974-10-07
538,Katedra,Dukaj,Jacek,1997-01-24
539,Katedra,Dukaj,Jacek,2007-06-15
540,Katedra,Dukaj,Jacek,1972-03-28
541,Katedra,Dukaj,Jacek,1979-02-07
542,Katedra,Dukaj,Jacek,1994-07-09
543,Katedra,Dukaj,Jacek,2015-11-09
544,Katedra,Dukaj,Jacek,1970-05-17
545,Katedra,Dukaj,Jacek,1976-05-04
546,Katedra,Dukaj,Jacek,1984-09-14
547,Katedra,Dukaj,Jacek,1975-07-24
548,Katedra,Dukaj,Jacek,1991-09-18
549,Katedra,Dukaj,Jacek,2006-06-30
550,Katedra,Dukaj,Jacek,1988-02-12
551,Katedra,Dukaj,Jacek,2006-10-09
552,Katedra,Dukaj,Jacek,1979-02-23
553,Narrenturm,Sapkowki,Andrzej,1980-01-22
554,Narrenturm,Sapkowki,Andrzej,1973-12-27
555,Narrenturm,Sapkowki,Andrzej,2015-10-05
556,Narrenturm,Sapkowki,Andrzej,1983-05-19
557,Narrenturm,Sapkowki,Andrzej,1986-03-25
558,Narrenturm,Sapkowki,Andrzej,2013-03-09
559,Narrenturm,Sapkowki,Andrzej,1970-04-12
560,Narrenturm,Sapkowki,Andrzej,2011-01-30
561,Narrenturm,Sapkowki,Andrzej,1971-08-20
562,Boży wojownicy,Sapkowki,Andrzej,1984-12-14
563,Boży wojownicy,Sapkowki,Andrzej,2016-12-12
564,Boży wojownicy,Sapkowki,Andrzej,1986-02-08
565,Boży wojownicy,Sapkowki,Andrzej,1984-10-09
566,Boży wojownicy,Sapkowki,Andrzej,2012-11-25
567,Boży wojownicy,Sapkowki,Andrzej,1992-04-28
568,Boży wojownicy,Sapkowki,Andrzej,2009-10-09
569,Boży wojownicy,Sapkowki,Andrzej,2002-02-15
570,Boży wojownicy,Sapkowki,Andrzej,1980-07-23
571,Boży wojownicy,Sapkowki,Andrzej,1982-06-09
572,Boży wojownicy,Sapkowki,Andrzej,2002-07-25
573,Boży wojownicy,Sapkowki,Andrzej,1972-11-27
574,Boży wojownicy,Sapkowki,Andrzej,1998-09-02
575,Boży wojownicy,Sapkowki,Andrzej,1988-03-05
576,Boży wojownicy,Sapkowki,Andrzej,1989-06-22
577,Boży wojownicy,Sapkowki,Andrzej,1987-11-20
578,Boży wojownicy,Sapkowki,Andrzej,2001-08-27
579,Boży wojownicy,Sapkowki,Andrzej,1984-12-13
580,Boży wojownicy,Sapkowki,Andrzej,2009-10-08
581,Boży wojownicy,Sapkowki,Andrzej,1971-04-19
582,Boży wojownicy,Sapkowki,Andrzej,2009-10-29
583,Boży wojownicy,Sapkowki,Andrzej,1986-04-19
584,Boży wojownicy,Sapkowki,Andrzej,1989-10-29
585,Boży wojownicy,Sapkowki,Andrzej,1988-05-30
586,Boży wojownicy,Sapkowki,Andrzej,2004-09-02
587,Boży wojownicy,Sapkowki,Andrzej,1971-10-07
588,Boży wojownicy,Sapkowki,Andrzej,2010-10-26
589,Lux perpetua,Sapkowki,Andrzej,2002-04-11
590,Lux perpetua,Sapkowki,Andrzej,1972-10-18
591,Lux perpetua,Sapkowki,Andrzej,2008-07-03
592,Lux perpetua,Sapkowki,Andrzej,1988-05-12
593,Lux perpetua,Sapkowki,Andrzej,1982-11-14
594,Lux perpetua,Sapkowki,Andrzej,1972-11-28
595,Lux perpetua,Sapkowki,Andrzej,2011-05-07
596,Lux perpetua,Sapkowki,Andrzej,1991-05-23
597,Lux perpetua,Sapkowki,Andrzej,2007-08-07
598,Lux perpetua,Sapkowki,Andrzej,1993-04-19
599,Lux perpetua,Sapkowki,Andrzej,1994-05-12
600,Lux perpetua,Sapkowki,Andrzej,1976-01-24
601,Lux perpetua,Sapkowki,Andrzej,1998-10-16
602,Lux perpetua,Sapkowki,Andrzej,1974-06-29
603,Lux perpetua,Sapkowki,Andrzej,2008-06-27
604,Lux perpetua,Sapkowki,Andrzej,2011-11-27
605,Lux perpetua,Sapkowki,Andrzej,2004-06-03
606,Lux perpetua,Sapkowki,Andrzej,1971-10-08
607,Lux perpetua,Sapkowki,Andrzej,2006-01-06
608,Lux perpetua,Sapkowki,Andrzej,1979-08-24
609,Lux perpetua,Sapkowki,Andrzej,1999-07-26
610,Lux perpetua,Sapkowki,Andrzej,1981-12-01
611,Lux perpetua,Sapkowki,Andrzej,2008-11-06
612,Lux perpetua,Sapkowki,Andrzej,2011-04-18
613,Rękopis znaleziony w smoczej jaskini,Sapkowki,Andrzej,1992-09-28
614,Rękopis znaleziony w smoczej jaskini,Sapkowki,Andrzej,1997-05-18
615,Rękopis znaleziony w smoczej jaskini,Sapkowki,Andrzej,1996-10-08
616,Rękopis znaleziony w smoczej jaskini,Sapkowki,Andrzej,2000-04-21
617,Rękopis znaleziony w smoczej jaskini,Sapkowki,Andrzej,1970-08-31
618,Rękopis znaleziony w smoczej jaskini,Sapkowki,Andrzej,1982-03-01
619,Rękopis znaleziony w smoczej jaskini,Sapkowki,Andrzej,2017-06-19
620,Rękopis znaleziony w smoczej jaskini,Sapkowki,Andrzej,1978-06-07
621,Rękopis znaleziony w smoczej jaskini,Sapkowki,Andrzej,2015-12-15
622,Rękopis znaleziony w smoczej jaskini,Sapkowki,Andrzej,2014-06-15
623,Rękopis znaleziony w smoczej jaskini,Sapkowki,Andrzej,1990-03-12
624,Rękopis znaleziony w smoczej jaskini,Sapkowki,Andrzej,2011-12-08
625,Rękopis znaleziony w smoczej jaskini,Sapkowki,Andrzej,2003-11-11
626,Rękopis znaleziony w smoczej jaskini,Sapkowki,Andrzej,1987-03-27
627,Rękopis znaleziony w smoczej jaskini,Sapkowki,Andrzej,2009-06-05
628,Rękopis znaleziony w smoczej jaskini,Sapkowki,Andrzej,2009-10-23
629,Rękopis znaleziony w smoczej jaskini,Sapkowki,Andrzej,1996-03-14
630,Rękopis znaleziony w smoczej jaskini,Sapkowki,Andrzej,1979-10-25
631,Rękopis znaleziony w smoczej jaskini,Sapkowki,Andrzej,1975-09-10
632,Rękopis znaleziony w smoczej jaskini,Sapkowki,Andrzej,1986-11-27
633,Rękopis znaleziony w smoczej jaskini,Sapkowki,Andrzej,1986-10-15
634,Rękopis znaleziony w smoczej jaskini,Sapkowki,Andrzej,2015-11-13
635,Rękopis znaleziony w smoczej jaskini,Sapkowki,Andrzej,1999-09-28
636,Rękopis znaleziony w smoczej jaskini,Sapkowki,Andrzej,1986-09-15
